date,source,ticker,company,strategy,conviction,entry_price,headline,prompt_version,strategy_echo,synopsis,industry,key_competitors
2026-05-10,AI-Judge-Echo,YELP,Yelp Inc.,IV Discount,HIGH,27.08,[strat-echo] Market prices Yelp as a dying classified-ad relic; it is actually a,3.0.0,1,"Yelp operates the dominant US local business review and discovery platform, monetising through performance-based advertising sold to SMBs (restaurants, home services, health providers). Revenue is nearly entirely advertising, primarily CPC-based, with no inventory risk. The platform's trust value de",Local Digital Advertising / Consumer Internet,"Google Maps (dominant), Angi/HomeAdvisor (home services vertical), TripAdvisor (restaurant/travel vertical)"
2026-05-10,AI-Judge-Echo,QLYS,"Qualys, Inc.",Quality Compounder,HIGH,94.28,[strat-echo] Wall Street conflates 'boring vulnerability scanner' with 'commodit,3.0.0,1,"Qualys provides cloud-based IT security and compliance SaaS, specialising in vulnerability management, policy compliance, web application scanning, and endpoint detection. Customers — primarily enterprise IT and security teams — pay annual recurring subscriptions per asset scanned. The business mode",Cloud Security / Vulnerability Management SaaS,"Tenable Holdings (direct competitor, VM market), Rapid7 (mid-market VM + SIEM), Palo Alto Networks Cortex (emerging AI-n"
2026-05-10,AI-Judge-Echo,DUOL,"Duolingo, Inc.",Turnaround,HIGH,107.99,[strat-echo] Street still prices DUOL on the 2022 loss-making EdTech template — ,3.0.0,1,"Duolingo operates the world's largest language-learning platform, monetising through a freemium subscription model (Duolingo Plus/Max), in-app purchases, and a small but growing English proficiency certification business (Duolingo English Test). Revenue is split roughly 80% subscriptions / 20% adver",EdTech / Consumer Subscription SaaS,"Babbel (private), Rosetta Stone/Lexia (private), Busuu (private) — DUOL has no credible public comps with equivalent sca"
2026-05-10,AI-Judge-Echo,EXEL,"Exelixis, Inc.",Quality Compounder,HIGH,48.16,Market treats EXEL as a single-drug story at risk; reality is a 96% gross margin,3.0.0,,"Exelixis is a commercial-stage oncology biotech whose primary revenue driver is Cabometyx (cabozantinib), the highest-efficacy approved monotherapy for advanced renal cell carcinoma and a growing standard of care in thyroid cancer and liver cancer. Revenue flows from direct US commercial sales and p",Oncology / Specialty Biopharma,"Bristol-Myers Squibb (Opdivo, dominant immunotherapy), Pfizer (Inlyta/sunitinib, older standard of care), Merck (Keytrud"
2026-05-10,AI-Judge-Echo,TRV,"The Travelers Companies, Inc.",IV Discount,HIGH,298.04,[strat-echo] Travelers trades at PE 8.4 and FCF yield 18% like a distressed insu,3.0.0,1,"Travelers is one of the three largest US property and casualty insurers, writing commercial lines (business insurance, surety, professional liability), personal lines (auto, home), and bond products. Revenue comes from written premiums and investment income on the float. The company has a 170-year o",Property & Casualty Insurance,"Chubb (ACE legacy, global commercial lines leader), Zurich Insurance (global), Progressive (personal lines, auto-focused"
2026-05-10,AI-MallManager,DUOL,"Duolingo, Inc.",Lynch Mall,HIGH,107.99,"[strat-echo] My gym buddy, two colleagues, and my teenager are all doing their D",3.0.0,1,"Revenue surged from $748M in 2024 to $1.04B in 2025 — a 39% jump — while the company flipped from a $13M operating loss in 2023 to $136M operating profit in 2025, proving the unit economics inflection was real. The AI-powered Max tier is a genuine premium product that people are choosing over physic",Software - Application,
2026-05-10,AI-MallManager,RDDT,"Reddit, Inc.",Lynch Mall,HIGH,155.8,"[strat-echo] Every time I Google anything remotely niche — a product review, a m",3.0.0,1,"Reddit's 69% revenue growth reflects a structural shift — Google's algorithm changes have permanently elevated Reddit threads in search results, making Reddit a passive beneficiary of the world's most-used discovery engine without paying for that traffic. Advertising monetisation per user is still a",Internet Content & Information,
2026-05-10,AI-MallManager,EAT,"Brinker International, Inc.",Lynch Mall,HIGH,138.68,I drove past three Chili's locations last month and every single one had a line ,3.0.0,,Brinker's Chili's brand has gone viral on social media for its value-focused 'Triple Dipper' and burger promotions — turning a legacy casual-dining chain into a TikTok-driven traffic magnet precisely when consumers are trading down from fast-casual due to price fatigue. Same-store sales momentum is ,Restaurants,
2026-05-10,AI-MallManager,PODD,Insulet Corporation,Lynch Mall,HIGH,154.16,"I see the white disc of an OmniPod on someone's arm at the pool, at the gym, and",3.0.0,,"Insulet's 31% revenue growth is being driven by OmniPod 5's integration with CGM sensors and its phone-app control — a system that looks and feels like consumer tech rather than medical equipment, making it attractive to newly-diagnosed Type 2 diabetics who would historically never have considered a",Medical - Devices,
2026-05-10,AI-MallManager,TOST,"Toast, Inc.",Lynch Mall,MEDIUM,25.05,Every independent restaurant and fast-casual spot I walk into seems to have swap,3.0.0,,"Toast's 24% revenue growth is driven by a land-and-expand model where the initial POS hardware sale leads to payment processing, payroll, marketing, and inventory management subscriptions — a SaaS flywheel built on top of a consumer-observable hardware footprint. The restaurant industry is enormous ",Software - Infrastructure,
2026-05-10,AI-MallManager,ONON,On Holding AG,Lynch Mall,MEDIUM,35.24,I counted seven people wearing On running shoes on my morning run last week — in,3.0.0,,On's 24% growth is being driven by genuine product-led consumer conversion — runners and athleisure consumers are trading up to On because the CloudTec sole technology is visibly different and the brand carries Swiss premium cachet that justifies the $150-200 price point. The apparel line (where On ,Apparel - Retail,
2026-05-10,AI-MallManager,WING,Wingstop Inc.,Lynch Mall,MEDIUM,129.67,I tried to order Wingstop on a Friday night and there was a 45-minute wait on Do,3.0.0,,"Wingstop's digital ordering penetration (above 65%) means it collects first-party customer data that traditional wings chains do not, enabling precision marketing that drives repeat visit frequency above industry norms. The brand is expanding internationally — UK, Canada, and Southeast Asia — bringi",Restaurants,
2026-05-10,AI-NickSleep,SEZL,Sezzle Inc.,Market prices SEZL as a commodity BNPL lender; mis,HIGH,96.34,ROIC 47% (extraordinary capital efficiency in lending) + operating margin 41% (v,3.0.0,,Sezzle operates a Buy Now Pay Later (BNPL) platform that allows consumers to make purchases and pay in interest-free installments. The company earns fees from merchant partners (typically 2-8% of transaction value) while maintaining tight underwriting through advanced credit analytics. Its customers,Financial Services - Buy Now Pay Later,"Klarna, Affirm, Afterpay"
2026-05-10,AI-NickSleep,EXEL,"Exelixis, Inc.",Market sees specialty pharma as price-taker; Exeli,HIGH,48.16,ROIC 35% + gross margin 96% = evidence of durable pricing power + capital effici,3.0.0,,"Exelixis is a specialty pharmaceutical company focused on oncology drug development and commercialization. It develops targeted cancer therapies (cabozantinib, belinostat) and earns revenue through product sales while reinvesting heavily in pipeline expansion. Customers are oncologists and cancer ce",Healthcare - Specialty Oncology Pharmaceuticals,"Roche, Merck, Bristol Myers Squibb"
2026-05-10,AI-NickSleep,YELP,Yelp Inc.,Market treats Yelp as declining local advertising ,MEDIUM,27.08,[strat-echo] PE 11.5 + ROIC 15% + gross margin 90% + net cash position + MoS 86%,3.0.0,1,"Yelp operates a local business review and discovery platform where consumers leave reviews and ratings for restaurants, retail, and service businesses. The company monetizes through advertising (local businesses pay for enhanced visibility, lead generation, and reservation connections). Customers ar",Communication Services - Local Discovery & Marketplace,"Google Local, TripAdvisor, Nextdoor"
2026-05-10,AI-Burry,RNR,RenaissanceRe Holdings Ltd.,Fortress reinsurer with 25% ROE and net cash balan,HIGH,300.16,PE 4.5 with ROE 25% and ROIC 10% on net cash position (NDE 0.2),3.0.0,,"Leading Bermuda-domiciled reinsurance and insurance company specializing in property and casualty reinsurance, including catastrophe and specialty lines. Generates underwriting profit and investment returns on large float base ($12.8B market cap). Primary revenue from insurance underwriting commissi",Specialty Reinsurance / Bermuda Insurance,"Everest Re, Axis Capital, Arch Capital"
2026-05-10,AI-Burry,TRV,"The Travelers Companies, Inc.",Quality stalwart at 8.4x PE trading like a struggl,HIGH,298.04,"[strat-echo] PE 8.4 with ROE 24%, ROIC 16%, FCF 18%, and CEO-driven buyback (-21",3.0.0,1,"Diversified insurance company providing property and casualty, personal auto, homeowners, and commercial insurance to individuals and businesses. Generates underwriting profit and net investment income on large insurance float. One of the largest publicly traded P&C insurers in the US.",Property & Casualty Insurance / Specialty Insurance,"Allstate, Hartford Financial, Progressive"
2026-05-10,AI-Burry,KD,"Kyndryl Holdings, Inc.",Unloved IT services spin-off trading at $2.8B mark,MEDIUM,12.26,[strat-echo] PB 1.3 on ROIC 17% with NetCash +95% ($2.6B on $2.8B market cap) an,3.0.0,1,"Spin-off of IBM's IT infrastructure services division providing hybrid cloud, artificial intelligence, and managed services to enterprise customers globally. Generates revenue from long-term IT services contracts with Fortune 500 clients. Business model transitioning from hardware/traditional IT tow",IT Infrastructure Services / Hybrid Cloud / Enterprise Servi,"IBM, Accenture, DXC Technology"
2026-05-10,AI-Pabrai,YELP,Yelp Inc.,Yelp's shift from classifieds to advertising platf,HIGH,27.08,[strat-echo] FCFMargin=19% (highest in cohort) + MoS=86% + Net cash=-0.3,3.0.0,1,"Yelp operates a local business review and recommendation platform generating revenue through advertising (most of total), consumer subscriptions, and APIs. Its ~200M monthly users create network effects, and the platform is expanding into local commerce and AI-driven recommendations.",Digital Advertising & Local Commerce,"Google Maps, TripAdvisor, Facebook"
2026-05-10,AI-Pabrai,QLYS,"Qualys, Inc.",Unsexy 'vulnerability scanner' trades at discount ,HIGH,94.28,[strat-echo] ROIC=29% + RevConsist=100% + MoS=71%,3.0.0,1,"Qualys provides SaaS-based cloud security solutions including vulnerability management, threat protection, and compliance scanning. It serves enterprise and mid-market customers via subscription model with recurring revenue (100% RevConsist) and high gross margins (83%).",Cloud Security & Vulnerability Management,"Tenable, Rapid7, CrowdStrike"
2026-05-10,AI-Pabrai,RNR,RenaissanceRe Holdings Ltd.,Peak cat-bond yields and post-hurricane anxiety ma,MEDIUM,300.16,FCF=33% + PE=4.5 + MoS=81%,3.0.0,,"Renaissance Re is a Bermuda-based reinsurance and specialty insurance group offering property, casualty, and life reinsurance products to global clients. It generates underwriting income and investment returns from a large, high-quality investment portfolio.",Specialty Reinsurance & Property & Casualty Insurance,"Everest Re, Munich Re, XL Capital"
2026-05-10,AI-Mayer100x,ADMA,"ADMA Biologics, Inc.",Market is discounting a temporary profitability di,HIGH,8.17,[strat-echo] Operating margin expanded 29 percentage points (2022: -25.5% → 2025,3.0.0,1,"ADMA manufactures specialty immune globulin concentrates derived from human plasma for rare immunological and hyperimmune conditions. Revenue is derived from hospital/clinic procurement of these proprietary biopharmaceuticals. Customers include hospital systems, specialty pharmacies, and government ",Specialty Plasma Biotech / Immunology,"Grifols, CSL Behring, Takeda Pharmaceutical"
2026-05-10,AI-SocialArb,DLO,DLocal Limited,Emerging market merchant digitization trend (visib,HIGH,13.7,[strat-echo] Revenue +47% YoY (vs +15% prior year) while net cash position expan,3.0.0,1,"DLocal operates a payments platform serving merchants, platforms, and financial institutions across Latin America and Africa. The company enables cross-border payments, local payment methods, and merchant settlement services for e-commerce, marketplaces, and fintech partners. Revenue comes from paym",Fintech Payments / Emerging Market Payments Infrastructure,"Payoneer, Remitly, 2Checkout"
2026-05-10,AI-SocialArb,PAYS,"PaySign, Inc.","Gig economy prepaid card adoption (Driver+ forums,",MEDIUM,6.22,Revenue +40% YoY (vs +24% prior year); RevConsist=100%,3.0.0,,"PaySign provides prepaid card and payment processing services for underbanked and underserved populations, including the unbanked and gig workers. Revenue derives from transaction fees, card issuance fees, and payment processing services on its proprietary platform.",Fintech / Prepaid Card Processing,"NetSpend, Green Dot, Payoneer"
2026-05-10,AI-InsiderTrack,HIG,The Hartford Financial Service,Market underprices insurance stalwarts with proven,HIGH,131.99,"[strat-echo] FCF=16% (highest-in-cohort yield), ROIC=29%, PEG=0.8",3.0.0,1,"The Hartford is a property & casualty insurance company offering commercial and personal insurance products (auto, home, liability, workers' comp). It earns underwriting profits and investment income from its $200B+ investment portfolio. Primary customers are mid-market businesses and individual con",Property & Casualty Insurance / Financial Services,"Allstate, Travelers, Progressive"
2026-05-10,AI-InsiderTrack,EXEL,"Exelixis, Inc.",Oncology-focused biotech with proven drug portfoli,HIGH,48.16,"FCF conversion 1.1x (rare for biotech), FCF/sh +36%/y, ROIC=35%",3.0.0,,"Exelixis is a specialty oncology pharmaceutical company developing kinase inhibitors and targeted therapies for solid tumors (renal cell carcinoma, hepatocellular carcinoma, breast cancer). It derives revenue from drug sales, partnered licensing agreements, and milestone payments from major pharma c",Specialty Pharmaceuticals / Oncology,"Pfizer Oncology, Roche/Genentech, Novartis Oncology"
2026-05-10,AI-InsiderTrack,QLYS,"Qualys, Inc.",Recurring SaaS platform with fortress balance shee,HIGH,94.28,"[strat-echo] RevConsist=100%, OprMgn=34%, NDE=-0.9 (net cash with recurring reve",3.0.0,1,"Qualys is a cloud-based security and compliance platform providing vulnerability management, policy compliance (PCI-DSS, HIPAA), and security auditing services. It operates on a SaaS subscription model serving enterprises and government agencies. Revenue is recurring (high customer stickiness) with ",Cloud Security / Vulnerability Management,"Tenable, CrowdStrike, Microsoft Defender"
2026-05-10,AI-InsiderTrack,TRV,"The Travelers Companies, Inc.",Mega-cap insurance stalwart with proven capital di,HIGH,298.04,"[strat-echo] FCF=18% yield (highest-in-group), ROIC=16%, RevConsist=100%",3.0.0,1,"Travelers is a leading property & casualty insurance company offering commercial multi-line policies, personal auto/home insurance, and specialty coverages. It generates underwriting income from premiums and investment returns on its $280B+ investment portfolio across institutional, commercial, and ",Property & Casualty Insurance / Financial Services,"Allstate, Hartford, Progressive"
2026-05-10,AI-InsiderTrack,RNR,RenaissanceRe Holdings Ltd.,Reinsurance cycle inflection + catastrophe premium,MEDIUM,300.16,"FCF=33% (exceptional yield), PE=4.5, PEG=0.5",3.0.0,,"RenaissanceRe is a global reinsurer and investor providing catastrophe, specialty, and property reinsurance through its insurance subsidiaries and investment vehicles (Everest Re, RenaissanceRe Ventures). It earns underwriting profits, investment returns, and fee income from managing capital for thi",Reinsurance / Specialty Insurance,"Berkshire Hathaway, Everest Re, XL Capital"
2026-05-10,AI-BuffettQ,QLYS,"Qualys, Inc.",Market has repriced security SaaS downward despite,HIGH,94.28,[strat-echo] RevConsist=100% across 4 years + GM 83% + OM 34% + NDE -0.9 (net ca,3.0.0,1,"Qualys delivers cloud-based vulnerability and compliance management software to enterprises via SaaS model. Customers pay recurring annual subscriptions to scan IT assets, manage security patches, and achieve regulatory compliance (SOX, PCI, HIPAA). Its primary revenue comes from Fortune 500 and mid",Cloud Security / Enterprise Software,"Rapid7, Tenable, Crowdstrike"
2026-05-10,AI-BuffettQ,ADBE,Adobe Inc.,Switching costs in creative workflows are quasi-mo,HIGH,253.04,[strat-echo] RevConsist=100% + ROIC 37% + GM 89% + OM 37% + BV/sh 5y growth +33%,3.0.0,1,"Adobe is a software company providing creative and digital experience tools (Photoshop, Illustrator, Premiere, InDesign, Acrobat) through subscription-based Creative Cloud and Document Cloud offerings. Customers include designers, video editors, marketers, and enterprises; revenue is recurring subsc",Cloud Software / Creative Tools,"Figma, Canva, Microsoft (Office 365)"
2026-05-10,AI-BuffettQ,EXEL,"Exelixis, Inc.",Cabometyx is highest-efficacy monotherapy in renal,HIGH,48.16,MoS=80% + RevConsist=100% + ROIC 35% + FCF/sh +36%/y + NDE -0.1 (net cash),3.0.0,,"Exelixis develops and commercializes oncology drugs (primarily small-molecule kinase inhibitors) including Cabometyx (renal cell carcinoma, hepatocellular carcinoma) and Cometriq. Revenue comes from direct drug sales to hospitals, cancer centers, and specialty pharmacies; patients are covered by ins",Specialty Pharma / Oncology,"Roche, BMS, Pfizer (Sutent), Merck"
2026-05-10,AI-BuffettQ,HALO,"Halozyme Therapeutics, Inc.",ENHANZE is a multi-partner licensing moat (Roche p,MEDIUM,64.12,RevConsist=100% + PEG=0.6 + GM 82% + OM 58% + RG +38% + MoS 57%,3.0.0,,"Halozyme develops hyaluronic acid-based drug delivery technology (ENHANZE platform) enabling delivery of biologics with reduced injection volume and frequency. Revenue comes from royalties on partner-commercialized drugs (e.g., Roche, Amgen, others) and licensing deals. Customers are major pharmaceu",Biotechnology / Drug Delivery,"Adello, Enable Injections (acquired)"
2026-05-10,AI-LynchBWYK,DUOL,"Duolingo, Inc.",Market hasn't priced in the profitability inflecti,HIGH,107.99,[strat-echo] Net Income jumped from -$59.6M (2022) to +$414M (2025)—367% growth;,3.0.0,1,"Duolingo is a mobile language-learning app that generates revenue from advertising and premium subscriptions. It teaches users everyday languages (Spanish, French, German, etc.) in bite-sized lessons. The company has achieved explosive profitability inflection: from $-59.6M net loss in 2022 to $414M",Consumer EdTech / Digital Learning,"Rosetta Stone, Babbel, Busuu"
2026-05-10,AI-LynchBWYK,THG,"The Hanover Insurance Group, I",P&C insurers are classic Lynches when priced below,HIGH,189.14,"ROIC=30%, FCF=19% (best-in-class for insurance), PEG=0.8, MoS=76%, zero debt, on",3.0.0,,"Hanover is a regional property & casualty (P&C) insurance company that underwrite commercial and personal auto, homeowners, and workers' compensation policies. It collects premiums and invests reserves. When claims are manageable, underwriting profits compound with float returns.",Property & Casualty Insurance / Regional Insurer,"Travelers, Hartford, Cincinnati Financial"
2026-05-10,AI-LynchBWYK,HIG,The Hartford Financial Service,Hartford is a 100-year-old boring insurance box th,HIGH,131.99,"[strat-echo] ROIC=29%, FCF=16%, PEG=0.8, RevConsist=100%, only 3 analyst coverag",3.0.0,1,"Hartford is a diversified property & casualty and group benefits (life, disability) insurer operating across commercial, personal, and employee-benefit lines. Like Hanover, it profits from disciplined underwriting and float deployment.",Property & Casualty + Group Benefits Insurance / Large-Cap I,"Travelers, Chubb, American Financial"
2026-05-10,AI-WallStBlind,YELP,Yelp Inc.,"Mature, cash-generative review platform with opera",HIGH,27.08,[strat-echo] Operating income +22.5% YoY ($185M 2025 vs $151M 2024) on +3.7% rev,3.0.0,1,"Yelp operates a consumer review platform and online advertising marketplace connecting local businesses with consumers. The platform generates revenue through advertising from local business owners and transaction processing. Customers include restaurants, services, healthcare, and retail establishm",Local Services Marketplace / Digital Advertising,"Google Local, TripAdvisor, Facebook Local"
2026-05-10,AI-WallStBlind,EVTC,"EVERTEC, Inc.",Regional payment processor with fortress balance s,HIGH,24.01,PEG=0.4 + FCFConv=1.1 (turning cash into shareholder value) + OprMgn=19% + RevCo,3.0.0,,"EVERTEC operates payment processing and digital solutions networks across Latin America and the Caribbean, providing transaction processing, switching, and software services to financial institutions and merchants. Revenue comes from transaction fees, subscription software, and value-added services.",Payment Processing / FinTech Infrastructure,"Repay Holdings, Shift4 Payments, Paylocity"
2026-05-10,AI-WallStBlind,INSP,"Inspire Medical Systems, Inc.",High-margin implantable device franchise with recu,HIGH,44.26,[strat-echo] GrMgn=86% + RevConsist=100% + 52wPos=27% (deep discount) + FCF=8% y,3.0.0,1,"Inspire develops and commercializes implantable neuromodulation devices for obstructive sleep apnea, a chronic condition affecting millions globally. The company generates revenue from device sales, implant procedures, and post-operative monitoring services to hospitals, surgical centers, and sleep ",Medical Device / Sleep Medicine,"Philips Respironics, ResMed, Apnea Sciences"
2026-05-10,AI-WallStBlind,DCBO,Docebo Inc.,Enterprise SaaS compounder with 80% gross margins ,MEDIUM,21.2,PEG=0.3 + GrMgn=80% + RevConsist=100% + RGprev=+20% (prior growth) = SaaS qualit,3.0.0,,"Docebo provides cloud-based learning management system (LMS) and AI-powered workforce training software to enterprises globally. Revenue comes from subscription fees, professional services, and learning content licensing across manufacturing, financial services, pharma, and retail verticals.",EdTech / Enterprise SaaS,"Cornerstone OnDemand, Skillsoft, SAP SuccessFactors"
2026-05-10,AI-CathieWood,CRDO,Credo Technology Group Holding,Market treats Credo as a cyclical chip play; misse,HIGH,188.5,Operating income inflection: -$37M (FY2024) → +$37M (FY2025) on 126% revenue gro,3.0.0,,"Credo designs and sells high-speed interconnect semiconductor solutions (signaling technology, PHY, clock recovery) for AI data centers, GPUs, and cloud infrastructure. Revenue model: IP licensing and chip sales to server manufacturers (NVIDIA, AMD supply chain partners). Primary customers: cloud hy",AI Infrastructure Semiconductors / Interconnect Technology,"Broadcom (Ethernet PHY), Marvell Technology (high-speed interconnect), Intel (data center I/O)"
2026-05-10,AI-CathieWood,DUOL,"Duolingo, Inc.",Market sees Duolingo as a slowing growth/mature Sa,MEDIUM,107.99,"[strat-echo] FCF=8%, FCFMargin=38%: profitable growth with strong cash generatio",3.0.0,1,"Duolingo is a language-learning platform powered by AI-driven personalization and adaptive curriculum. Users pay via freemium subscriptions and in-app purchases; enterprise B2B (schools, corporates) via Duolingo for Schools. Revenue: in-app purchases + advertising + subscriptions. ~500M monthly acti",EdTech / AI-Powered Personalized Learning,"Babbel, Rosetta Stone, traditional classroom education (indirect)"
2026-05-10,AI-CathieWood,ALNY,"Alnylam Pharmaceuticals, Inc.",Market repricing ALNY from pure growth story to su,MEDIUM,295.05,"[strat-echo] ROIC=20%, FCFMargin=15%, GrMgn=81%: capital-efficient genomics plat",3.0.0,1,"Alnylam develops and commercializes RNAi therapeutics (gene silencing via small interfering RNA) for rare and metabolic diseases (hereditary ATTR amyloidosis, acute hepatic porphyrias, others). Revenue: product sales (Onpatto, Leqvio, Givosiran) + licensing deals. Customers: specialty pharmacies, ho",Genomics/Multiomics Therapeutics (RNAi Platform),"Ionis (antisense oligonucleotides), Geron (telomerase inhibitors), Translate Bio (mRNA)"
2026-05-10,AI-HowardMarks,DUOL,"Duolingo, Inc.","Market narrates 'unprofitable edtech,' ignoring th",HIGH,107.99,[strat-echo] Operating income margin expansion from -18% (2022) to +13% (2025) w,3.0.0,1,"Duolingo is a language-learning platform offering subscription-based courses in 40+ languages via web and mobile apps. Revenue comes from premium subscriptions and advertising. The company targets a global audience of learners seeking affordable, gamified language education.",Online Education / EdTech / Language Learning,"Rosetta Stone, Babbel, Busuu"
2026-05-10,AI-HowardMarks,YELP,Yelp Inc.,Consensus assumes Yelp is legacy-fading; reality s,HIGH,27.08,[strat-echo] Operating income CAGR 2022-2025 = +35% (from $58M to $185M) on just,3.0.0,1,"Yelp operates a local business review and recommendations platform (web, mobile, merchant tools), monetizing through advertising from local merchants and premium listings. Users review restaurants, services, and retailers; merchants pay for visibility and customer leads.",Local Search / Digital Advertising / Merchant Services,"Google Maps, TripAdvisor, Facebook Marketplace"
2026-05-10,AI-HowardMarks,MNDY,monday.com Ltd.,Market applies SaaS recession discount despite com,MEDIUM,72.07,[strat-echo] FCF margin of 26% on -0% operating margin = exceptional working-cap,3.0.0,1,"monday.com is a work-management SaaS platform offering project tracking, team collaboration, and automation tools for enterprises. Revenue model is subscription-based (monthly/annual plans); customers range from SMBs to Fortune 500 firms using the platform for workflow orchestration.",Cloud Workflow & Project Management / SaaS,"Asana, Atlassian (Jira), Microsoft Project"
